{
  "metadata": {
    "input_documents": [
      "South of France - Cities.pdf",
      "South of France - Cuisine.pdf",
      "South of France - History.pdf",
      "South of France - Restaurants and Hotels.pdf",
      "South of France - Things to Do.pdf",
      "South of France - Tips and Tricks.pdf",
      "South of France - Traditions and Culture.pdf"
    ],
    "persona": "Travel Planner",
    "job_to_be_done": "Plan a trip of 4 days for a group of 10 college friends.",
    "processing_timestamp": "2025-07-27T08:44:59.302330"
  },
  "extracted_sections": [
    {
      "document": "South of France - Things to Do.pdf",
      "section_title": "Ultimate Guide to Activities and Things to Do in the South of France",
      "importance_rank": 1,
      "page_number": 1
    },
    {
      "document": "South of France - Things to Do.pdf",
      "section_title": "Conclusion",
      "importance_rank": 2,
      "page_number": 13
    },
    {
      "document": "South of France - Tips and Tricks.pdf",
      "section_title": "The Ultimate South of France Travel Companion: Your Comprehensive Guide to Packing,",
      "importance_rank": 3,
      "page_number": 1
    },
    {
      "document": "South of France - Tips and Tricks.pdf",
      "section_title": "Additional Tips: Winter is mild compared to other regions, but it's still important to",
      "importance_rank": 4,
      "page_number": 4
    },
    {
      "document": "South of France - Tips and Tricks.pdf",
      "section_title": "Conclusion",
      "importance_rank": 5,
      "page_number": 9
    }
  ],
  "subsection_analysis": [
    {
      "document": "South of France - Things to Do.pdf",
      "refined_text": "Ultimate Guide to Activities and Things to Do in the South of France Introduction The South of France, with its stunning coastline, picturesque villages, and vibrant cities, offers a wealth of activities and experiences for travelers. Whether you're seeking adventure, relaxation, or cultural enrichment, this region has something for everyone. This guide will take you through a variety of activities and must-see attractions to help you plan an unforgettable trip.",
      "page_number": 1
    },
    {
      "document": "South of France - Things to Do.pdf",
      "refined_text": "Conclusion The South of France is a diverse and enchanting region that offers a wide range of activities and experiences for travelers. Whether you're exploring the stunning coastline, immersing yourself in the rich cultural heritage, or indulging in the culinary delights, there is something for everyone to enjoy. From family-friendly adventures to vibrant nightlife, the South of France promises an unforgettable journey filled with memories that will last a lifetime. Use this guide to plan your trip and make the most of everything this beautiful region has to offer.",
      "page_number": 13
    },
    {
      "document": "South of France - Tips and Tricks.pdf",
      "refined_text": "The Ultimate South of France Travel Companion: Your Comprehensive Guide to Packing, Planning, and Exploring Introduction Planning a trip to the South of France requires thoughtful preparation to ensure a comfortable and enjoyable experience. This guide covers everything from packing essentials to travel tips, catering to all seasons and various activities. Whether you're traveling solo, with kids, or in a group, this guide will help you make the most of your trip.",
      "page_number": 1
    },
    {
      "document": "South of France - Tips and Tricks.pdf",
      "refined_text": "Additional Tips: Winter is mild compared to other regions, but it's still important to pack warm clothing for cooler evenings. Consider packing thermal underwear for extra warmth. Packing for Adults Clothing Casual Wear: Comfortable clothes for sightseeing and casual dining, like jeans, t- shirts, and casual dresses. Evening Wear: Dressier outfits for dining out or events. Pack a nice dress or dress pants and a blouse/shirt. Active Wear: If you plan on hiking or outdoor activities, pack activewear like leggings, shorts, and moisture-wicking tops. Swimwear: Don't forget your swimsuit for beach or pool visits. Accessories: A stylish yet functional bag, a lightweight scarf, and a versatile jacket.",
      "page_number": 4
    }
  ]
}