{
  "metadata": {
    "input_documents": [
      "Learn Acrobat - Create and Convert_1.pdf",
      "Learn Acrobat - Create and Convert_2.pdf",
      "Learn Acrobat - Edit_1.pdf",
      "Learn Acrobat - Edit_2.pdf",
      "Learn Acrobat - Export_1.pdf",
      "Learn Acrobat - Export_2.pdf",
      "Learn Acrobat - Fill and Sign.pdf",
      "Learn Acrobat - Generative AI_1.pdf",
      "Learn Acrobat - Generative AI_2.pdf",
      "Learn Acrobat - Request e-signatures_1.pdf",
      "Learn Acrobat - Request e-signatures_2.pdf",
      "Learn Acrobat - Share_1.pdf",
      "Learn Acrobat - Share_2.pdf",
      "Test Your Acrobat Exporting Skills.pdf",
      "The Ultimate PDF Sharing Checklist.pdf"
    ],
    "persona": "HR professional",
    "job_to_be_done": "Create and manage fillable forms for onboarding and compliance.",
    "processing_timestamp": "2025-07-27T08:45:00.052423"
  },
  "extracted_sections": [
    {
      "document": "Learn Acrobat - Request e-signatures_1.pdf",
      "section_title": "Download Form Field Data - Downloads a CSV file of the field-level content for all",
      "importance_rank": 1,
      "page_number": 19
    },
    {
      "document": "Learn Acrobat - Request e-signatures_1.pdf",
      "section_title": "2. Under Categories, select Signatures.",
      "importance_rank": 2,
      "page_number": 27
    },
    {
      "document": "Learn Acrobat - Fill and Sign.pdf",
      "section_title": "Change flat forms to fillable (Acrobat Pro)",
      "importance_rank": 3,
      "page_number": 12
    },
    {
      "document": "Learn Acrobat - Request e-signatures_2.pdf",
      "section_title": "For a list and explanation of each warning, see the DigSig Admin Guide.",
      "importance_rank": 4,
      "page_number": 10
    },
    {
      "document": "Learn Acrobat - Generative AI_1.pdf",
      "section_title": "purposes that do not include training a Large Language Model (\"LLM\"). Examples of",
      "importance_rank": 5,
      "page_number": 5
    }
  ],
  "subsection_analysis": [
    {
      "document": "Learn Acrobat - Request e-signatures_1.pdf",
      "refined_text": "Download Form Field Data - Downloads a CSV file of the field-level content for all child agreements spawned from this parent Bulk Send that have been completed. Download Individual Files - Provides the option to download the individual PDF files if multiple files were used to create the web form. Hide/Unhide Bulk Send- Hide/Unhiding the Bulk Send simply removes (or adds) the Bulk Send from your normal Manage page view. Share - Shares the Bulk Send along with its status with the user email you provide. Shared web forms can be viewed on the Manage page, but do not allow editing. A PDF copy of the Bulk Send parent document (without added fields) is emailed to the sharee. View Activity Report View the current status of all child agreements created by the Bulk Send parent template.",
      "page_number": 19
    },
    {
      "document": "Learn Acrobat - Request e-signatures_1.pdf",
      "refined_text": "2. Under Categories, select Signatures. 3. For Identities & Trusted Certificates, select More. 4. Expand Digital IDs on the left, select Roaming ID Accounts, and select Add Account. 5. Type the name and URL for the roaming ID server, and select Next. 6. Type your user name and password, or follow the directions to create an account. Select Next, and then select Finish. Once the roaming ID is added, it can be used for signing or encryption. When you perform a task that uses your roaming ID, you're automatically logged in to the roaming ID server if your authentication assertion hasn't expired. PKCS#12 modules and tokens You can have multiple digital IDs that you use for different purposes, particularly if you sign documents in different roles or using different certification methods.",
      "page_number": 27
    },
    {
      "document": "Learn Acrobat - Fill and Sign.pdf",
      "refined_text": "Change flat forms to fillable (Acrobat Pro) You can change a flat form to a fillable form by either using the Prepare Form tool or enabling the Fill & Sign tools. Acrobat and Acrobat Reader users can use the Fill & Sign tool to fill in flat forms. Interactive form To create an interactive form, use the Prepare Forms tool. See Create a form from an existing document. Flat form To enable the Fill & Sign tools, from the hamburger menu (File menu in macOS) choose Save As Other > Acrobat Reader Extended PDF > Enable More Tools (includes Form Fill-in & Save). The tools are enabled for the current form only. When you create a different form, redo this task to enable Acrobat Reader users to use the tools.",
      "page_number": 12
    },
    {
      "document": "Learn Acrobat - Request e-signatures_2.pdf",
      "refined_text": "For a list and explanation of each warning, see the DigSig Admin Guide. XML data signatures Acrobat and Acrobat Reader support XML data signatures that are used to sign data in XML Forms Architectures (XFA) forms. The form author provides XML signing, validating, or clearing instructions for form events, such as button click, file save, or submit. XML data signatures conform to the W3C XML-Signature standard. Like PDF digital signatures, XML digital signatures ensure integrity, authentication, and non-repudiation in documents. However, PDF signatures have multiple data verification states. Some states are called when a user alters the PDF-signed content. In contrast, XML signatures only have two data verification states, valid and invalid.",
      "page_number": 10
    },
    {
      "document": "Learn Acrobat - Generative AI_1.pdf",
      "refined_text": "purposes that do not include training a Large Language Model (\"LLM\"). Examples of product improvement include improving the operability of generative AI in Acrobat and Acrobat Reader, as well as reducing hallucination, bias, and toxicity. If you do not wish to share your content, please uncheck the product improvement checkbox when you first provide feedback on a document. If manual review of your content takes place, a limited group of trained Adobe personnel examine the content within an encrypted repository with access controls.",
      "page_number": 5
    }
  ]
}